{
  "frame": 0,
  "coordinate_frame": "rectified_left_camera_opencv_m",
  "K_used": [
    [
      871.3942965013008,
      0.0,
      430.20975494384766
    ],
    [
      0.0,
      871.3942965013008,
      341.1449337005615
    ],
    [
      0.0,
      0.0,
      1.0
    ]
  ],
  "depth_path": "/home/hsieh/data0/wad/depth/000000.npy",
  "rgb_path": "/home/hsieh/data0/wad/embodied_gaussians_fixed_super_fin/data/super/grasp5_native/rgb/000000-left-540.png",
  "tissue_mask_path": "/home/hsieh/data0/wad/embodied_gaussians_fixed_super_fin/data/super/grasp5_native/masks/000000-tissue.png",
  "ground_mask_path": "/home/hsieh/data0/wad/embodied_gaussians_fixed_super_fin/data/super/grasp5_native/masks/000000-ground.png",
  "tissue_mask_pixels": 244196,
  "ground_mask_pixels": 230029,
  "raw_tissue_depth_points": 244196,
  "raw_ground_depth_points": 230029,
  "sampled_tissue_points": 2000,
  "sampled_ground_points": 2000,
  "ground_plane": [
    0.042026807160013134,
    0.6813480092607472,
    0.7307521041737424,
    -0.07010165788222358
  ],
  "ground_plane_residual_m_percentiles": [
    -0.042647482936028054,
    -0.038887369909547144,
    -0.010047877638209838,
    0.000940657656107638,
    0.021041048034548114,
    0.02692870246861837,
    0.028742256144233494
  ],
  "abs_ground_plane_residual_m_percentiles": [
    0.0035878862067620504,
    0.015940074566784188,
    0.023539704752261675,
    0.03888736990954715
  ],
  "tissue_world_bounds_min": [
    -0.04428508229042687,
    -0.029481845030220877,
    0.06548317521810532
  ],
  "tissue_world_bounds_max": [
    0.03566456390312462,
    0.018401645971729556,
    0.11362835019826889
  ],
  "ground_world_bounds_min": [
    -0.06929055428255138,
    -0.05544580149627933,
    0.058496806770563126
  ],
  "ground_world_bounds_max": [
    0.07948071472837344,
    0.019350904057103803,
    0.14433585107326508
  ],
  "tissue_X_WB_translation": [
    -0.0015814617371296717,
    0.0013946909614762576,
    0.08677687642723322
  ],
  "ground_X_WB_translation": [
    0.007885211379936604,
    -0.021032064689857237,
    0.11581724821962416
  ]
}