{
  "output": "data/super/grasp5_offline_demo/body_debug/table_world_scene_with_psm.png",
  "frame": "right_handed_table_world_z_up_m",
  "tissue_points": 1963,
  "ground_points": 2000,
  "psm_points": 200390,
  "psm_points_drawn_overview": 35000,
  "psm_points_drawn_zoom": 1022,
  "bounds_m": {
    "tissue_min": [
      -0.04786051975621748,
      -0.057666542441475954,
      2.8414000573542125e-05
    ],
    "tissue_max": [
      0.030383029297280786,
      0.000549183023848876,
      0.013448630503508634
    ],
    "ground_min": [
      -0.09687905844679186,
      -0.05392077756744804,
      0.0
    ],
    "ground_max": [
      0.07189007647307107,
      0.06889187234023143,
      0.0
    ],
    "psm_min": [
      -0.009741,
      -0.186552,
      -0.485334
    ],
    "psm_max": [
      0.764735,
      0.076527,
      0.410762
    ]
  },
  "camera_centers_m": {
    "stereo_left": [
      0.004126292393479907,
      -0.09392373105693781,
      0.07127037073120226
    ],
    "stereo_right": [
      0.009394518134270974,
      -0.09369408432134312,
      0.07068094723324736
    ]
  }
}