{
  "frame": "right_handed_table_world_z_up_m",
  "ground_plane": {
    "plane": [
      0.0,
      0.0,
      1.0,
      0.0
    ],
    "coordinate_frame": "right_handed_table_world_z_up_m"
  },
  "tissue_points": 1963,
  "ground_points": 2000,
  "tissue_bounds_min": [
    -0.04786051975621748,
    -0.057666542441475954,
    2.8414000573542125e-05
  ],
  "tissue_bounds_max": [
    0.030383029297280786,
    0.000549183023848876,
    0.013448630503508634
  ],
  "ground_bounds_min": [
    -0.09687905844679186,
    -0.05392077756744804,
    0.0
  ],
  "ground_bounds_max": [
    0.07189007647307107,
    0.06889187234023143,
    0.0
  ],
  "camera_centers": {
    "stereo_left": [
      0.004126292393479907,
      -0.09392373105693781,
      0.07127037073120226
    ],
    "stereo_right": [
      0.009394518134270974,
      -0.09369408432134312,
      0.07068094723324736
    ]
  },
  "camera_height_above_plane_m": {
    "stereo_left": 0.07127037073120226,
    "stereo_right": 0.07068094723324736
  },
  "tissue_z_percentiles_m": {
    "0": 2.8414000573542125e-05,
    "1": 0.0029156108116763814,
    "5": 0.0035410780607416995,
    "50": 0.006400714521249086,
    "95": 0.012293912937471625,
    "99": 0.013020800598756339,
    "100": 0.013448630503508634
  },
  "ground_z_percentiles_m": {
    "0": 0.0,
    "1": 0.0,
    "5": 0.0,
    "50": 0.0,
    "95": 0.0,
    "99": 0.0,
    "100": 0.0
  }
}