{
  "criteria": {
    "z_removed": 15,
    "outlier_removed_after_z_filter": 22,
    "median_xyz": [
      -0.006133303771420981,
      -0.03889858010872204,
      0.006440105348102194
    ],
    "mad_xyz": [
      0.016923235858245962,
      0.011114201012117915,
      0.0018505018320422871
    ],
    "radial_max_m": 0.07556384685257048
  },
  "files": {
    "/home/hsieh/data0/wad/embodied_gaussians_fixed_super_fin/data/super/grasp5_offline_demo/bodies/tissue.json": {
      "points_before": 2000,
      "points_after": 1963,
      "removed": 37,
      "z_before_percentiles_m": [
        -0.005494518286762409,
        0.0022469843893776764,
        0.003457681307774654,
        0.00640793953879453,
        0.012402990943234715,
        0.028335766798842324,
        0.0353788995202425
      ],
      "z_after_percentiles_m": [
        2.8414000573542125e-05,
        0.0029156108116763814,
        0.0035410780607416995,
        0.006400714521249086,
        0.012293912937471625,
        0.013020800598756339,
        0.013448630503508634
      ],
      "bounds_after_min": [
        -0.04786051975621748,
        -0.057666542441475954,
        2.8414000573542125e-05
      ],
      "bounds_after_max": [
        0.030383029297280786,
        0.000549183023848876,
        0.013448630503508634
      ]
    },
    "/home/hsieh/data0/wad/embodied_gaussians_fixed_super_fin/examples/embodied_environments/super_embodied/objects/tissue.json": {
      "points_before": 2000,
      "points_after": 1963,
      "removed": 37,
      "z_before_percentiles_m": [
        -0.005494518286762409,
        0.0022469843893776764,
        0.003457681307774654,
        0.00640793953879453,
        0.012402990943234715,
        0.028335766798842324,
        0.0353788995202425
      ],
      "z_after_percentiles_m": [
        2.8414000573542125e-05,
        0.0029156108116763814,
        0.0035410780607416995,
        0.006400714521249086,
        0.012293912937471625,
        0.013020800598756339,
        0.013448630503508634
      ],
      "bounds_after_min": [
        -0.04786051975621748,
        -0.057666542441475954,
        2.8414000573542125e-05
      ],
      "bounds_after_max": [
        0.030383029297280786,
        0.000549183023848876,
        0.013448630503508634
      ]
    }
  }
}