{
  "created_at": "2026-06-18T12:36:09.658704",
  "source_frame": "rectified_left_camera_opencv_m",
  "target_frame": "right_handed_table_world_z_up_m",
  "ground_plane_before": [
    0.11108479416271429,
    0.6741167390285274,
    0.7302237949186343,
    -0.07127037073127354
  ],
  "ground_plane_residual_before_m_percentiles": [
    -0.043050670632621225,
    -0.04051603608856621,
    -0.012643344643113442,
    0.0015934293228045127,
    0.015163197546971874,
    0.021366108429299237,
    0.02212241812300847
  ],
  "ground_origin_before": [
    0.0078852113799366,
    -0.021032064689857247,
    0.11581724821962416
  ],
  "X_right_handed_table_from_rectified_camera_opencv": [
    [
      0.9928680720202214,
      -0.04328001927673711,
      -0.1110847941626032,
      0.004126292393479907
    ],
    [
      0.04328001927673711,
      -0.7373557228976826,
      0.6741167390278533,
      -0.09392373105693781
    ],
    [
      -0.1110847941626032,
      -0.6741167390278533,
      -0.730223794917904,
      0.07127037073120226
    ],
    [
      0.0,
      0.0,
      0.0,
      1.0
    ]
  ],
  "camera_side_positive_z": true,
  "rx180_applied": true,
  "rotation_det": 0.9999999999960001,
  "validation_ground_after": {
    "plane": [
      0.0,
      -4.39952149915434e-16,
      0.9999999999989999,
      5.190292640117412e-18
    ],
    "angle_to_z_deg": 8.103207011311657e-05,
    "z_percentiles": {
      "0": -0.022122418122986355,
      "1": -0.02136610842927788,
      "5": -0.015163197546956714,
      "50": -0.0015934293228029232,
      "95": 0.01264334464310079,
      "99": 0.040516036088525685,
      "100": 0.04305067063257816
    },
    "abs_residual_percentiles_m": {
      "50": 0.005003439718361363,
      "90": 0.01324414147746328,
      "95": 0.019582743754543105,
      "99": 0.04051603608848519,
      "100": 0.04305067063253513
    },
    "bounds_min": [
      -0.07940228075786417,
      -0.05426592848975243,
      -0.022122418122986355
    ],
    "bounds_max": [
      0.07061485674931486,
      0.04217761887639828,
      0.04305067063257816
    ]
  },
  "validation_tissue_after": {
    "plane": [
      -0.006856309341792663,
      -0.10063914884995828,
      0.994899368146832,
      -0.010827512924279529
    ],
    "angle_to_z_deg": 5.789411113702908,
    "z_percentiles": {
      "0": -0.005494518286762409,
      "1": 0.0022469843893776764,
      "5": 0.003457681307774654,
      "50": 0.00640793953879453,
      "95": 0.012402990943234715,
      "99": 0.028335766798842324,
      "100": 0.0353788995202425
    },
    "abs_residual_percentiles_m": {
      "50": 0.0018172494609371712,
      "90": 0.003939820895784523,
      "95": 0.004954500858523265,
      "99": 0.021232233535555298,
      "100": 0.028072810430262194
    },
    "bounds_min": [
      -0.05201297741951546,
      -0.057666542441475954,
      -0.005494518286762409
    ],
    "bounds_max": [
      0.030383029297280782,
      0.000549183023848876,
      0.0353788995202425
    ]
  },
  "camera_centers_after": {
    "stereo_left": [
      0.004126292393479907,
      -0.09392373105693781,
      0.07127037073120226
    ],
    "stereo_right": [
      0.009394518134270974,
      -0.09369408432134312,
      0.07068094723324736
    ]
  }
}