{
  "generated_at": "2026-06-19",
  "calib_rectified_augmented": true,
  "num_frames": 1642,
  "num_joint_states_source": 5458,
  "debug_frames": [
    0,
    300,
    800,
    1200
  ],
  "candidate_summaries": {
    "0": {
      "raw_camera": {
        "num_points": 24,
        "in_front": 22,
        "finite_pixels": 22,
        "in_image": 21,
        "z_range_m": [
          -0.23316288548355557,
          0.13272782746355027
        ],
        "z_mean_m": 0.054035466661155974,
        "uv_bbox": [
          83.53174504949322,
          -880.0548558750127,
          2827.064160461886,
          879.3636180706825
        ],
        "uv_median": [
          1033.0434189679488,
          223.2122343217328
        ]
      },
      "raw_camera_tuned": {
        "num_points": 24,
        "in_front": 22,
        "finite_pixels": 22,
        "in_image": 21,
        "z_range_m": [
          -0.23526221780826498,
          0.13192380871952025
        ],
        "z_mean_m": 0.0529918581010698,
        "uv_bbox": [
          73.88424060890387,
          -904.5710597606449,
          2857.4305248766254,
          883.6477348140951
        ],
        "uv_median": [
          1023.813816008016,
          225.10525948362317
        ]
      },
      "projection_space": {
        "num_points": 24,
        "in_front": 22,
        "finite_pixels": 22,
        "in_image": 21,
        "z_range_m": [
          -0.23526221780826498,
          0.13192380871952025
        ],
        "z_mean_m": 0.0529918581010698,
        "uv_bbox": [
          73.88424060890387,
          -904.5710597606449,
          2857.4305248766254,
          883.6477348140951
        ],
        "uv_median": [
          1023.813816008016,
          225.10525948362317
        ]
      },
      "rectified_from_raw_camera": {
        "num_points": 24,
        "in_front": 22,
        "finite_pixels": 22,
        "in_image": 21,
        "z_range_m": [
          -0.24620633925529362,
          0.1346859278123992
        ],
        "z_mean_m": 0.05281569694139938,
        "uv_bbox": [
          159.31321236557298,
          -1037.093713506049,
          2910.475412967754,
          893.5415865498442
        ],
        "uv_median": [
          1070.858336506819,
          202.11490677032924
        ]
      },
      "rectified_from_raw_camera_tuned": {
        "num_points": 24,
        "in_front": 22,
        "finite_pixels": 22,
        "in_image": 21,
        "z_range_m": [
          -0.2482615477431533,
          0.1338958811102921
        ],
        "z_mean_m": 0.051791426666360614,
        "uv_bbox": [
          150.1131395154902,
          -1065.0529642850493,
          2942.6084238344824,
          898.0733738486178
        ],
        "uv_median": [
          1061.576724984233,
          204.609582722129
        ]
      },
      "table_from_rectified_raw_reprojected": {
        "num_points": 24,
        "in_front": 22,
        "finite_pixels": 22,
        "in_image": 21,
        "z_range_m": [
          -0.24620633925529367,
          0.1346859278123992
        ],
        "z_mean_m": 0.05281569694139937,
        "uv_bbox": [
          159.31321236557264,
          -1037.0937135060506,
          2910.4754129677544,
          893.541586549844
        ],
        "uv_median": [
          1070.8583365068184,
          202.1149067703289
        ]
      },
      "table_from_projection_space_reprojected": {
        "num_points": 24,
        "in_front": 22,
        "finite_pixels": 22,
        "in_image": 21,
        "z_range_m": [
          -0.23526221780826495,
          0.13192380871952028
        ],
        "z_mean_m": 0.052991858101069815,
        "uv_bbox": [
          73.88424060890392,
          -904.5710597606447,
          2857.430524876625,
          883.6477348140949
        ],
        "uv_median": [
          1023.8138160080156,
          225.10525948362323
        ]
      }
    },
    "300": {
      "raw_camera": {
        "num_points": 24,
        "in_front": 22,
        "finite_pixels": 22,
        "in_image": 21,
        "z_range_m": [
          -0.2352947968190374,
          0.14410074332364314
        ],
        "z_mean_m": 0.06551671697164452,
        "uv_bbox": [
          49.74589689762478,
          -292.2231093256799,
          2178.8667963149855,
          924.2508490412253
        ],
        "uv_median": [
          910.8076848239577,
          486.060345257789
        ]
      },
      "raw_camera_tuned": {
        "num_points": 24,
        "in_front": 22,
        "finite_pixels": 22,
        "in_image": 21,
        "z_range_m": [
          -0.2371745552908998,
          0.1433104555729503
        ],
        "z_mean_m": 0.06445911010773847,
        "uv_bbox": [
          41.10839311993886,
          -298.338254373088,
          2189.35237711786,
          928.6008001977194
        ],
        "uv_median": [
          901.7514013295363,
          491.4613006068722
        ]
      },
      "projection_space": {
        "num_points": 24,
        "in_front": 22,
        "finite_pixels": 22,
        "in_image": 21,
        "z_range_m": [
          -0.2371745552908998,
          0.1433104555729503
        ],
        "z_mean_m": 0.06445911010773847,
        "uv_bbox": [
          41.10839311993886,
          -298.338254373088,
          2189.35237711786,
          928.6008001977194
        ],
        "uv_median": [
          901.7514013295363,
          491.4613006068722
        ]
      },
      "rectified_from_raw_camera": {
        "num_points": 24,
        "in_front": 22,
        "finite_pixels": 22,
        "in_image": 21,
        "z_range_m": [
          -0.24750542161384734,
          0.1463387714794821
        ],
        "z_mean_m": 0.06454242926693282,
        "uv_bbox": [
          128.2800655431155,
          -382.61995586404925,
          2237.0402960657775,
          938.7896720823061
        ],
        "uv_median": [
          958.3506458614318,
          473.58249883417494
        ]
      },
      "rectified_from_raw_camera_tuned": {
        "num_points": 24,
        "in_front": 22,
        "finite_pixels": 22,
        "in_image": 21,
        "z_range_m": [
          -0.2493444166420997,
          0.14556156318924343
        ],
        "z_mean_m": 0.06350404733998138,
        "uv_bbox": [
          120.07480185852248,
          -389.5525339018856,
          2247.8947381727176,
          943.341801859759
        ],
        "uv_median": [
          949.4423728850161,
          479.35651468451624
        ]
      },
      "table_from_rectified_raw_reprojected": {
        "num_points": 24,
        "in_front": 22,
        "finite_pixels": 22,
        "in_image": 21,
        "z_range_m": [
          -0.24750542161384734,
          0.14633877147948204
        ],
        "z_mean_m": 0.06454242926693281,
        "uv_bbox": [
          128.28006554311492,
          -382.61995586404976,
          2237.040296065777,
          938.7896720823054
        ],
        "uv_median": [
          958.3506458614313,
          473.58249883417454
        ]
      },
      "table_from_projection_space_reprojected": {
        "num_points": 24,
        "in_front": 22,
        "finite_pixels": 22,
        "in_image": 21,
        "z_range_m": [
          -0.23717455529089987,
          0.14331045557295033
        ],
        "z_mean_m": 0.06445911010773847,
        "uv_bbox": [
          41.108393119938526,
          -298.3382543730876,
          2189.3523771178593,
          928.6008001977191
        ],
        "uv_median": [
          901.7514013295358,
          491.4613006068723
        ]
      }
    },
    "800": {
      "raw_camera": {
        "num_points": 24,
        "in_front": 22,
        "finite_pixels": 22,
        "in_image": 20,
        "z_range_m": [
          -0.23770440042760518,
          0.14260744836962314
        ],
        "z_mean_m": 0.06079609552868576,